year,Temperature _Actual_degC,Rainfall_mm,Humidity_percent,Temperature _Predicted_degC
2019,33,180,95,32.974793
2020,34,185,96,33.916934
2021,34.5,175,97,34.745447
2022,35,190,98,34.814413
2023,35.5,195,99,35.987146
2024,36,200,100,36.469082
2025,36.5,190,101,36.480377
